Country_Name,latitude,longitude,1980,1981,1982,1983,1984,1985,1986,1987,1988,1989,1990,1991,1992,1993,1994,1995,1996,1997,1998,1999,2000,2001,2002,2003,2004,2005,2006,2007,2008,2009,2010,2011,2012,2013,2014,2015,2016,2017,2018,2019,2020,2021,2022,2023,2024,2025,2026,2027,2028
Afghanistan,33.93911,67.709953,no data,no data,no data,no data,no data,no data,no data,no data,no data,no data,no data,no data,no data,no data,no data,no data,no data,no data,no data,no data,no data,no data,no data,8.7,0.7,11.8,5.4,13.3,3.9,20.6,8.4,6.5,14,5.7,2.7,1,2.2,2.6,1.2,3.9,-2.4,-20.7,no data,no data,no data,no data,no data,no data,no data
Albania,41.153332,20.168331,2.7,5.7,2.9,1.1,2,-1.5,5.6,-0.8,-1.4,9.8,-10,-28,-7.2,9.6,9.4,8.9,9.1,-10.9,8.8,12.9,6.9,8.3,4.5,5.5,5.5,5.5,5.9,6,7.5,3.4,3.7,2.5,1.4,1,1.8,2.2,3.3,3.8,4,2.1,-3.3,8.9,4.8,3.6,3.3,3.4,3.5,3.5,3.5
Algeria,28.033886,1.659626,-5.4,3,6.4,5.4,5.6,5.6,-0.2,-0.7,-1.9,4.8,0.8,-1.2,1.6,-2.1,-0.9,3.8,3.8,1.1,5.1,3.2,3.8,3,5.6,7.2,4.3,5.9,1.7,3.4,2.4,1.6,3.6,2.9,3.4,2.8,3.8,3.7,3.2,1.4,1.2,1,-5.1,3.4,3.2,3.8,3.1,2.5,1.9,1.7,1.7
Andorra,42.546245,1.601554,no data,no data,no data,no data,no data,no data,no data,no data,no data,no data,no data,no data,no data,no data,no data,no data,no data,no data,no data,no data,no data,8.1,4.5,8.7,8.1,5.4,4.8,1.6,-5.6,-5.3,-2,0,-5,-3.5,2.5,1.4,3.7,0.3,1.6,2,-11.2,8.3,8.8,2.1,1.5,1.5,1.5,1.5,1.5
Angola,-11.202692,17.873887,2.4,-4.4,0,4.2,6,3.5,2.9,4.1,6.1,0,-3.5,12.1,11.4,11,10.5,10.4,11.2,7.3,4.7,2.2,3.1,4.2,13.7,3,11,15,11.5,14,11.2,0.9,4.9,3.5,8.5,5,4.8,0.9,-2.6,-0.2,-1.3,-0.7,-5.6,1.2,3,1.3,3.3,3.4,3.5,3.5,3.6
Antigua and Barbuda,17.060816,-61.796428,8.2,3.8,-0.1,5.4,10.2,7.6,11.5,6.6,5.2,5.3,3,2.2,1.2,5.3,6.7,-4.4,6.6,5.5,4.7,3.7,6.2,-4.5,1,6.1,5.8,6.5,12.7,9.3,0,-12,-7.8,-2,3.4,-0.6,3.8,3.8,5.5,3.1,6.8,4.3,-17.5,6.6,8.5,5.6,5.4,4.2,2.8,2.8,2.8
Argentina,-38.416097,-63.616672,0.7,-5.7,-3.1,3.7,2,-7,7.1,2.5,-2,-7,-1.3,10.5,10.3,6.3,5.8,-2.8,5.5,8.1,3.9,-3.4,-0.8,-4.4,-10.9,9,8.9,8.9,8,9,4.1,-5.9,10.1,6,-1,2.4,-2.5,2.7,-2.1,2.8,-2.6,-2,-9.9,10.7,5,-2.5,2.8,3.3,3,2.8,2.5
Armenia,40.069099,45.038189,no data,no data,no data,no data,no data,no data,no data,no data,no data,no data,no data,no data,no data,-14.1,5.4,8,5.2,3.4,6.3,3.2,5.9,9.5,14.8,14.1,10.5,14.1,13.2,13.7,6.9,-14.1,2.2,4.7,7.1,3.4,3.6,3.3,0.2,7.5,5.2,7.6,-7.2,5.7,12.6,7,5,4.5,4.5,4.5,4.5
Aruba,12.52111,-69.968338,no data,no data,no data,no data,no data,no data,no data,16.1,18.6,12.1,4,8,5.9,7.3,8.2,2.5,1.3,7,2,1.4,7.7,4.2,-0.9,1.1,7.3,-0.4,1.1,3.1,1.8,-11.7,-2.7,3.4,-1,6.4,0,3.6,2.1,0.7,2.4,-2.3,-24,27.6,10.5,2.3,1.2,1.2,1.1,1.1,1.1
Australia,-25.274398,133.775136,2.9,4.1,0.1,-0.5,6.3,5.5,2.4,4.9,4.3,4.6,1.5,-1,2.6,3.9,4.8,3,4,4.6,4.6,4.4,3.1,2.7,4.2,3,4.1,3,2.6,4.4,2.5,1.9,2.4,2.8,3.8,2.2,2.6,2.3,2.7,2.4,2.8,1.9,-1.8,5.2,3.7,1.8,1.2,2,2.2,2.3,2.3
Austria,47.516231,14.550072,2.3,-0.1,1.9,2.8,0.3,2.2,2.3,1.7,1,3.9,4.3,3.4,2.1,0.5,2.4,2.7,2.4,2.1,3.6,3.6,3.4,1.3,1.7,0.9,2.7,2.2,3.5,3.7,1.5,-3.8,1.8,2.9,0.7,0,0.7,1,2,2.3,2.4,1.5,-6.5,4.6,4.8,0.1,0.8,1.7,1.9,1.7,1.3
Azerbaijan,40.143105,47.576927,no data,no data,no data,no data,no data,no data,no data,no data,no data,no data,no data,no data,no data,-23.1,-19.7,-13,2.5,8.9,6,11.4,6.2,6.5,9.4,10.2,9.3,26.4,34.5,25,10.8,9.3,5,0.1,2.2,5.8,2.8,1.1,-3.1,0.2,1.5,2.5,-4.2,5.6,4.6,2.5,2.5,2.5,2.5,2.5,2.5
Bahamas,25.03428,-77.39628,7.1,-2.9,6.3,6.8,2.4,4.1,2.6,3.7,2.3,2.3,1.1,-4.2,-3.8,0.3,3.1,4.4,4.2,4.9,4.7,7.1,4.1,2.6,2.7,-1.3,0.9,3.4,2.5,1.4,-2.3,-4.2,1.5,0.6,3.5,-2.9,1.8,1,-0.8,2.5,2.9,-0.7,-23.5,17,14.4,4.3,1.8,1.6,1.6,1.5,1.5
Bahrain,25.930414,50.637772,7.5,2.8,6.4,7,4.2,-0.9,0.5,-1.2,6,1,3.5,2.3,7.1,7.6,3.2,1.9,3.2,2.3,4.8,6,7,2.5,3.3,6.3,7,6.8,6.5,8.3,6.2,2.5,4.3,2,3.7,5.4,4.4,2.5,3.6,4.3,2.1,2.2,-4.6,2.6,4.9,2.7,3.6,3.2,2.7,2.7,2.7
Bangladesh,23.684994,90.356331,no data,3.8,2.4,4,5.2,3.2,4.2,3.7,2.2,2.6,5.9,3.3,5,4.6,4.1,4.9,4.6,4.5,5.2,4.7,5.3,5.1,3.8,4.7,5.2,6.5,6.7,7.1,6,5,5.6,6.5,6.5,6,6.1,6.6,7.1,6.6,7.3,7.9,3.4,6.9,7.1,6,6,6.6,7.1,7.2,7
Barbados,13.193887,-59.543198,4.4,-1.9,-4.9,0.5,3.6,1.1,5.1,2.6,3.5,3.6,-3.3,-3.9,-5.7,0.8,2,2,4,4.7,3.7,0.3,4.5,-2.4,0.8,2.2,1.4,4,5.7,2.2,0.7,-5.1,-2.3,-0.7,-0.4,-1.4,-0.1,2.4,2.5,0.5,-0.6,-0.5,-13.3,-0.2,9.8,4.5,3.9,2.8,2.3,2,2
Belarus,53.709807,27.953389,no data,no data,4,4.3,3,1.7,3.6,2.8,5.3,3,-2.3,-1.2,-9.6,-7.6,-11.7,-11.1,2.8,11.4,8.4,3.4,5.8,4.7,5,7,11.4,9.5,10,8.6,10.2,0.2,7.8,5.3,1.6,1,1.7,-3.8,-2.5,2.5,3.1,1.4,-0.7,2.3,-3.7,1.6,1.3,0.6,0.7,0.9,0.6
Belgium,50.503887,4.469936,4.4,-0.3,0.6,0.3,2.5,1.7,1.8,2.3,4.7,3.5,3.1,1.8,1.5,-1,3.2,2.4,1.3,3.8,2,3.5,3.7,1.1,1.7,1,3.6,2.3,2.6,3.7,0.4,-2,2.9,1.7,0.7,0.5,1.6,2,1.3,1.6,1.8,2.3,-5.4,6.3,3.2,1,0.9,1.2,1.2,1.2,1.3
Belize,17.189877,-88.49765,5,0.2,-7.6,6.1,11.3,-1.4,7.3,22,10.9,15.5,11.2,11.5,12,6.3,0.2,0.6,1.1,3.6,3.9,9,13,5,5.1,9.3,4.6,2.4,4.4,3.3,-1.5,-0.4,1.3,-0.1,3.9,4.5,4.1,3.4,0.1,-1.7,1.1,4.5,-13.4,15.2,12.7,4,3,2.5,2.5,2.5,2.5
Benin,9.30769,2.315834,9.3,1.9,1.7,-2,0.4,4.3,2.7,-2.1,3.4,-2.8,9,4.2,3,5.8,2,6,4.3,5.7,4,4.4,5.9,5.3,4.6,3.4,4.4,1.7,3.9,6,4.9,2.3,2.1,3,4.8,7.2,6.4,1.8,3.3,5.7,6.7,6.9,3.8,7.2,6.3,5.5,6.3,6,6,6,6
Bhutan,27.514162,90.433601,5,13.6,8.2,7.3,7.6,4.3,8,20.2,15.1,6.2,9.1,4.9,2.1,3.2,2.2,6,6,5.5,6,7.1,6.9,7,9.5,9.3,6.9,6.7,7.1,12.9,11,5.8,9.5,9.9,6.5,3.6,4,6.2,7.4,6.3,3.8,4.4,-2.3,-3.3,4.8,5.3,3,4.6,5.5,3.1,3.6
Bolivia,-16.290154,-63.588653,0.6,0.3,-3.9,-4,-0.2,-1.7,-2.6,2.5,2.9,3.8,4.6,5.3,1.6,4.3,4.7,4.7,4.4,5,5,0.4,2.5,1.7,2.5,2.7,4.2,4.4,4.8,4.6,6.1,3.4,4.1,5.2,5.1,6.8,5.5,4.9,4.3,4.2,4.2,2.2,-8.7,6.1,3.5,1.8,1.8,2.1,2.2,2.3,2.3
Bosnia and Herzegovina,43.915886,17.679076,no data,no data,no data,no data,no data,no data,no data,no data,no data,no data,no data,no data,no data,no data,no data,20.7,62.2,22.9,13.8,10.7,4.4,2.4,5.1,3.9,6.3,4.2,5.7,6,5.6,-0.8,0.8,0.9,-0.7,2.4,1.1,4.3,3.2,3.2,3.8,2.9,-3,7.4,4.1,2,3,3,3,3,3
Botswana,-22.328474,24.684866,12,8.2,15.9,10.8,6.5,7.7,8.6,14.9,23.4,4.7,8.8,6.2,-0.2,4,-0.8,8.5,2.5,7.1,-1.6,8,4.3,2.3,7.4,5.4,1.4,5,6,5.8,3.3,-14.1,10.1,6.8,-0.2,11.1,5.7,-4.9,7.2,4.1,4.2,3,-8.7,11.9,5.8,3.8,4.1,4.3,4,4,4
Brazil,-14.235004,-51.92528,9.2,-4.4,0.6,-3.4,5.3,7.9,7.5,3.6,0.3,3.2,-4.2,1,-0.5,4.7,5.3,4.4,2.2,3.4,0.3,0.5,4.4,1.4,3.1,1.1,5.8,3.2,4,6.1,5.1,-0.1,7.5,4,1.9,3,0.5,-3.5,-3.3,1.3,1.8,1.2,-3.3,5,2.9,3.1,1.5,1.9,1.9,2,2
Brunei Darussalam,4.535277,114.727669,no data,no data,no data,no data,no data,no data,-2.7,2,1.1,-1.1,1.1,3.1,4.8,0.3,3.1,4.5,2.9,-1.5,-0.6,3.1,2.9,2.7,3.9,2.9,0.5,0.4,4.4,0.2,-1.9,-1.8,2.6,3.7,0.9,-2.1,-2.5,-0.4,-2.5,1.3,0.1,3.9,1.1,-1.6,-1.6,-0.8,3.5,2.8,3,3.1,3.2
Bulgaria,42.733883,25.48583,5.7,5.3,4.2,3,4.6,1.8,5.3,4.7,2.4,-0.5,-9.1,-10.8,-8.4,-11.6,-3.7,-1.6,5.2,-14.1,3.8,-8.4,4.6,3.8,5.9,5.2,6.5,7.1,6.8,6.7,6.1,-3.3,1.5,2.1,0.8,-0.6,1,3.4,3,2.8,2.7,4,-4,7.6,3.4,1.7,3.2,3,2.9,2.8,2.8
Burkina Faso,12.238333,-1.561593,4,2.7,1.4,-1.2,1.6,11.3,8,-0.2,5.8,2.2,-0.6,9.1,0.2,3.5,1.3,5.7,11,6.3,7.3,7.3,1.9,6.6,4.4,7.8,4.5,8.7,6.3,4.1,5.8,3,8.4,6.6,6.5,5.8,4.3,3.9,6,6.2,6.6,5.7,1.9,6.9,1.5,4.4,6.4,6,5.6,5.3,5.3
Burundi,-3.373056,29.918886,-6.8,12.2,-1.1,3.7,0.2,11.8,3.2,5.5,5,1.3,3.5,5.8,1,-6.2,-3.8,-7.9,-8,0.4,4.8,1.2,1.8,1.7,2.4,2.5,3.8,4.4,5.4,3.5,4.9,3.8,5.1,4,4.4,4.9,4.2,-3.9,-0.6,0.5,1.6,1.8,0.3,3.1,1.8,3.3,6,5.9,5.7,5.9,5.5
Cabo Verde,16.002082,-24.013197,5.3,8.5,2.8,9.5,3.8,8.6,2.9,4.3,6,5.7,0.7,1.4,3,7.3,6.9,7.5,6.7,7.6,8.4,11.9,7.3,6.1,5.3,7.5,4.9,5.8,9.1,15.2,7,-1.5,1.8,3.9,1.1,0.6,0.7,0.9,4.3,4.6,3.7,6.9,-19.6,6.4,17,4.4,4.5,4.6,4.6,4.7,4.7
Cambodia,12.565679,104.990963,no data,no data,no data,no data,no data,no data,no data,no data,9.6,3.3,1.1,7.6,7.1,4,8.2,6,5.9,4,4.7,12.7,9.6,8.6,6.6,8.5,10.3,13.3,10.8,10.2,6.7,0.1,6,7.1,7.3,7.4,7.1,7,6.9,7,7.5,7.1,-3.1,3,5.2,5.6,6.1,6.4,6.5,6.2,6.3
Cameroon,7.369722,12.354722,9.9,17.1,7.6,6.8,7.5,8.1,6.8,-2.2,-7.9,-1.8,-6.2,-3.8,-3.1,-3.2,-2.5,3.3,4.9,5.3,4.9,4.1,3.4,3.4,4.8,5,6.6,1.2,3.5,4.1,2.9,2.6,2.9,3.5,4.5,5,5.8,5.6,4.5,3.5,4,3.4,0.5,3.6,3.8,4,4.2,4.4,4.5,4.5,4.6
Canada,56.130366,-106.346771,2.2,3.5,-3.2,2.6,5.9,4.7,2.1,4.1,4.4,2.3,0.2,-2.1,0.9,2.7,4.5,2.7,1.6,4.3,3.9,5.2,5.2,1.8,3,1.8,3.1,3.2,2.6,2.1,1,-2.9,3.1,3.1,1.8,2.3,2.9,0.7,1,3,2.8,1.9,-5.1,5,3.4,1.3,1.6,2.4,1.8,1.7,1.7
Central African Republic,6.611111,20.939444,-3,13,-3.6,-6,9.9,3.7,7.2,0,1.7,3.8,1.4,-0.8,-4.9,-1.2,12.6,3.2,-6.2,4.1,3.3,2.9,-3.6,2.6,2.1,-2.2,-0.1,2.9,4.8,4,2.6,2.8,4.6,4.2,5.1,-36.4,0.1,4.3,4.7,4.5,3.8,3,1,1,0.5,1,2.5,3.8,3.8,3.7,3.3
Chad,15.454166,18.732207,-6,-10.8,5.4,15.7,5.3,7.9,6,3.6,7.5,2,3.2,10.4,2.4,-2.1,5.5,-0.8,2.1,5.7,7,-0.7,-0.9,11.7,8.5,14.7,33.6,8.3,0.6,3.3,3.1,4.1,13.6,0.1,8.8,5.8,6.9,1.8,-5.6,-2.4,2.4,3.4,-2.1,-1.2,3.4,4,3.7,3,2.9,2.9,3
Chile,-35.675147,-71.542969,7.9,6.2,-13.6,-2.8,5.9,2,5.6,6.6,7.3,10.6,3.7,7.8,11.2,6.6,5,8.9,5,7.4,4.2,-0.3,5,3.2,3.2,4.7,6.7,5.8,6,5.2,3.8,-1.1,5.9,6.2,6.2,3.3,1.8,2.2,1.8,1.4,4,0.7,-6.1,11.7,2.4,-0.5,1.6,2.3,2.4,2.4,2.4
China,35.86166,104.195397,7.9,5.1,9,10.8,15.2,13.5,8.9,11.7,11.2,4.2,3.9,9,14.3,13.9,13,11,9.9,9.2,7.9,7.7,8.5,8.3,9.1,10,10.1,11.4,12.7,14.2,9.6,9.4,10.6,9.6,7.8,7.8,7.4,7,6.9,6.9,6.8,6,2.2,8.4,3,5,4.2,4.1,4.1,3.7,3.4
Colombia,4.570868,-74.297333,4.4,2.3,0.9,1.6,3.4,3.1,5.8,5.4,4.1,3.4,4.3,2.4,4.4,5.7,5.1,5.2,2.1,3.4,0.6,-4.2,2.9,1.7,2.5,3.9,5.3,4.4,6.7,6.7,3.3,1.1,4.5,6.9,3.9,5.1,4.5,3,2.1,1.4,2.6,3.2,-7.3,11,7.3,1.4,2,2.9,3.3,3.3,3.3
Comoros,-11.875001,43.872219,7.4,5.5,4.1,3.1,4.2,2.9,2.2,2.2,5.1,-0.8,7.4,-6.2,7.4,2.5,-4,5.6,-0.5,4.4,0,2.7,-1,5.4,4.6,2,3.1,5.7,-1.8,0.8,4,3.2,3.8,4.1,3.2,4.5,2.1,1.1,3.3,3.8,3.6,1.8,-0.2,2.1,2.6,3,3.5,4,4.3,4.5,4.3
Congo CD,-4.038333,21.758664,2.4,0.9,-0.5,1.4,4.8,0.5,4.7,2.7,0.5,-1.3,-6.6,-8.4,-10.5,-13.5,-6.1,2.8,-1.9,-7.8,-3.9,-3.8,-8.1,-2.1,2.9,6.6,7.7,9.8,5.1,8.5,7.4,0.6,7.8,7.6,8.7,9.6,7.3,6.4,0.4,3.7,4.8,4.5,1.7,6.2,8.9,6.7,4.7,5.3,5.2,5.7,5.2
Congo CG,-0.228021,15.827659,12.7,2.6,2.4,2.4,2.4,2.4,2.3,2.3,21.9,21.3,1,3.4,4.2,1.3,-1.4,4,3.5,-1,8.9,-3.7,11.8,-4.8,1,0.5,-0.2,9.2,8,-6.6,6.3,11.6,9.9,2.2,9.9,-0.7,6.7,-3.6,-5,-5.6,-2.3,1.1,-6.3,1.1,1.7,4,4.4,3.3,3.8,3.9,4
Costa Rica,9.748917,-83.753428,0.8,-2.3,-7.3,2.9,8,0.7,5.5,4.8,3.4,5.7,3.6,2.3,9.2,7.1,4.5,4.2,1.4,5.5,7.2,4.2,3.9,3.5,3.4,4.3,4.4,4,7.3,8.2,4.7,-0.9,5.4,4.4,4.9,2.5,3.5,3.7,4.2,4.2,2.6,2.4,-4.3,7.8,4.3,4.4,3.2,3.2,3.2,3.2,3.2
Croatia,45.1,15.2,no data,no data,no data,no data,no data,no data,no data,no data,no data,no data,no data,no data,no data,-8,5.9,6.6,5.9,6.6,1.9,-0.9,3.7,3.1,5.8,5.6,4.2,4.3,4.9,5,2,-7.2,-1.2,-0.1,-2.3,-0.4,-0.4,2.5,3.6,3.4,2.8,3.4,-8.5,13.1,6.2,2.7,2.6,2.7,2.9,2.8,2.8
Cyprus,35.126413,33.429859,5.9,3.1,6.3,5.3,8.8,4.7,3.6,7.1,8.3,8.1,7.4,0.7,9.4,0.7,5.9,9.9,1.2,2.6,6.1,5,6,4,3.7,2.6,5,4.9,4.7,5.1,3.6,-2,2.3,0.4,-3.4,-6.6,-1.8,3.4,6.6,5.7,5.6,5.5,-4.4,6.6,5.6,2.2,2.7,3,3,3,2.9
Czech Republic,49.817492,15.472962,no data,no data,no data,no data,no data,no data,no data,no data,no data,no data,no data,no data,no data,no data,no data,no data,4.5,-0.5,-0.4,1.4,4,3,1.6,3.6,4.8,6.6,6.8,5.6,2.7,-4.7,2.4,1.8,-0.8,0,2.3,5.4,2.5,5.2,3.2,3,-5.5,3.6,2.3,0.2,2.3,2.9,2.7,2.5,2.5
Côte d'Ivoire,7.539989,-5.54708,5.2,3.5,0.2,-2.5,-2,3.6,4.8,-0.5,1.1,3,-1.1,0,-0.3,-0.2,0.2,5.6,8.1,5.7,4.9,1.6,-2.1,0.1,-1.7,-1.4,1.2,1.7,1.5,1.8,2.5,3.3,2,-4.9,10.9,9.3,8.8,8.8,7.2,7.4,4.8,6.5,1.7,7,6.7,6.2,6.6,6.4,6.3,6.1,6
Denmark,56.26392,9.501785,-0.5,-0.7,3.7,2.6,4.2,4,4.9,0.3,0,0.6,1.5,1.4,2,0,5.3,3,2.9,3.3,2.2,2.9,3.7,0.8,0.5,0.4,2.7,2.3,3.9,0.9,-0.5,-4.9,1.9,1.3,0.2,0.9,1.6,2.3,3.2,2.8,2,1.5,-2.4,6.8,2.7,1.7,1.4,1.2,1.3,1.3,1.3
Djibouti,11.825138,42.590275,no data,no data,no data,no data,no data,no data,no data,no data,no data,no data,no data,-4.5,0.6,-6.8,-1.4,-3.5,-3.7,-1.2,0.1,2.9,0.7,1.8,3.2,3.2,2.8,3.1,4.8,5,5.8,1.6,4.1,7.3,4.8,5,7.2,7.3,7.1,5.5,4.8,5.5,1.3,4.5,3.2,5,6,5.5,5,5,5
Dominica,15.414999,-61.370976,13.4,10.8,4.1,2.6,4.2,1.4,7.1,6.3,7.8,-0.2,5.4,1.3,2,2.2,0,3,3.1,2.2,3.8,0.4,2.3,-0.1,-2.8,6.4,3.1,0.7,4.7,6.4,7.1,-1.2,0.7,-0.2,-1.1,-1,4.8,-2.7,2.8,-6.6,3.5,5.5,-16.6,6.9,5.7,4.6,4.6,4.2,2.9,2.7,2.7
Dominican Republic,18.735693,-70.162651,8,4.3,1.7,4.6,1.3,-2.1,3.5,10.1,2.2,4.4,-5.5,0.9,11.2,7.4,2.6,5.7,6,8.9,6.7,5.9,4.7,2.5,4.5,-1.3,2.6,9.4,9.2,7.4,3.2,0.9,8.3,3.1,2.7,4.9,7.1,6.9,6.7,4.7,7,5.1,-6.7,12.3,4.9,3,5.2,5.1,5,5,5
Ecuador,-1.831239,-78.183406,4.9,3.9,1.2,-2.8,4.2,4.4,3.1,-6,10.5,0.3,3,5.1,3.6,2,4.3,2.3,1.7,4.3,3.3,-4.7,1.1,4,4.1,2.7,8.2,5.3,4.4,2.2,6.4,0.6,3.5,7.9,5.6,4.9,3.8,0.1,-1.2,2.4,1.3,0,-7.8,4.2,2.9,1.4,1.8,2,2.2,2.8,2.8
Egypt,26.820553,30.802498,3.4,2.2,7.3,8.9,8,7.4,4.8,4.3,4,3,2.3,2.1,0.3,2.9,4.2,4.5,4.9,5.9,7.5,6.1,5.4,3.5,3.2,3.2,4.1,4.5,6.8,7.1,7.2,4.7,5.1,1.8,2.2,3.3,2.9,4.4,4.3,4.2,5.3,5.5,3.6,3.3,6.7,4.2,3.6,5,5.4,5.8,6
El Salvador,13.794185,-88.89653,-8.6,-5.7,-6.3,1.5,1.3,0.6,0.2,2.5,1.9,1,4.8,1.5,7,5.8,4.7,4.7,0.8,3.1,2.7,2.2,1.1,0.9,1.6,1.6,0.9,2.7,4.4,1.8,2.1,-2.1,2.1,3.8,2.8,2.2,1.7,2.4,2.5,2.3,2.4,2.5,-7.9,11.2,2.6,2.2,1.9,2,2,2,2
Equatorial Guinea,1.650801,10.267895,4.8,5.8,2.2,5,1,12.9,-2.3,4.4,2.7,-1.2,2.5,-1.2,33,10.5,16.8,26.5,52.7,148,24.8,26.4,110.5,60,19.6,14.5,30.4,8.2,6.5,15.3,17.8,1.3,-8.9,6.5,8.3,-4.1,0.4,-9.1,-8.8,-5.7,-6.2,-5.5,-4.8,-0.4,3.2,-6.2,-5.5,-4,-4,-1.7,-0.6
Eritrea,15.179384,39.782334,no data,no data,no data,no data,no data,no data,no data,no data,no data,no data,no data,no data,no data,12.9,20.9,2.3,9.1,7.9,2,0.2,-12.4,8.8,3,-2.7,1.5,2.6,-1,1.4,-19.4,12.2,10.9,25.7,1.9,-10.5,30.9,-20.6,7.4,-10,13,3.8,no data,no data,no data,no data,no data,no data,no data,no data,no data
Estonia,58.595272,25.013607,no data,no data,no data,no data,no data,no data,no data,no data,no data,no data,no data,no data,no data,no data,-1.6,2.2,4.9,13,4.3,-0.4,10.1,6,6.8,7.6,6.8,9.5,9.8,7.6,-5.1,-14.6,2.4,7.3,3.2,1.5,3,1.9,3.2,5.8,3.8,4,-1,7.2,-0.5,-2.3,2.4,2.7,2.9,3,2.9
Eswatini,-26.522503,31.465866,-3.8,6.9,1.4,-0.5,2.5,1.9,18.6,10,7.6,9.4,9.9,1.8,3.2,3.1,2.4,4.8,3.8,3.1,2.6,3,1.8,1.1,4.4,3.9,3.6,6,6,4.4,0.8,1.6,3.8,2.2,5.4,3.9,0.9,2.2,1.1,2,2.4,2.7,-1.6,7.9,3.6,3.1,3.3,3.1,2.9,2.8,2.8
Ethiopia,9.145,40.489673,4,0,1,7.8,-2.3,-11.4,9.7,13.9,0.6,-0.5,2.6,-7.2,-8.9,13.4,3.5,6.1,13.5,2.8,-4.2,6.3,9.8,7.4,1.6,-2.1,11.7,12.6,11.5,11.8,11.2,10,10.6,11.4,8.7,9.9,10.3,10.4,8,10.2,7.7,9,6.1,6.3,6.4,6.1,6.2,6.5,6.7,6.8,7
Fiji,-16.578193,179.414413,-1.7,6,-1.1,-4.2,10.1,-3.8,6.6,-7.2,3.5,13.9,5.8,-2.7,6.1,2.6,5.1,2.6,4.8,-2.4,1.3,8.7,-1.7,1.9,3.2,0.8,5.4,-1.3,1.9,-0.9,1,-1.4,3,2.7,1.4,4.7,5.6,4.5,2.4,5.4,3.8,-0.6,-17,-4.9,20,7.5,3.9,3.7,3.5,3.5,3.3
Finland,61.92411,25.748151,5.7,1.3,3.1,3.1,3.2,3.5,2.7,3.6,5.2,5.1,0.2,-5.9,-3.3,-0.7,4,4.2,3.7,6.3,5.5,4.4,5.8,2.6,1.7,2,4,2.8,4,5.3,0.8,-8.1,3.2,2.5,-1.4,-0.9,-0.4,0.5,2.8,3.2,1.1,1.2,-2.4,3.2,1.6,-0.1,1,1.3,1.6,1.6,1.6
France,46.227638,2.213749,1.8,1.1,2.5,1.2,1.6,1.7,2.3,2.6,4.6,4.5,2.9,1.1,1.5,-0.7,2.4,2.2,1.3,2.4,3.6,3.3,4.1,1.9,1.2,0.8,2.5,1.7,2.7,2.4,0.1,-2.8,1.8,2.2,0.4,0.7,1,1,1,2.5,1.8,1.9,-7.7,6.4,2.5,1,1.3,1.8,1.7,1.5,1.4
Gabon,-0.803689,11.609444,0,-4,4.1,2,4.9,5.8,-2.1,-15.4,3.5,15.4,5.1,6.1,-3.1,3.9,3.7,5,3.6,5.7,3.5,-8.9,-1.9,2.1,0.2,1.7,1.1,-0.8,-1.9,6.3,1.7,-2.3,6.3,7.1,5.3,5.5,4.4,3.9,2.1,0.5,0.9,3.8,-1.8,1.5,3,2.8,2.6,2.5,2.8,2.8,2.8
Gambia,13.443182,-15.310139,0.7,-9.5,20.8,13.5,-7.6,3.6,2.4,2.8,1.7,4.3,5.7,2.2,1.8,3.8,-3.4,3.3,2.9,1.4,6.5,6.4,5.5,5.8,-3.2,6.9,7,-2.4,-0.6,3,6.3,6.7,5.9,-8.1,5.2,2.9,-1.4,4.1,1.9,4.8,7.2,6.2,0.6,5.3,4.9,5.6,6.2,5.8,5,5,5
Georgia,42.315407,43.356892,no data,no data,no data,no data,no data,no data,no data,no data,no data,no data,no data,-21.1,-44.9,-29.3,-10.4,2.6,10.5,10.5,3.1,2.9,1.8,4.8,5.5,11.1,5.8,9.6,9.4,12.6,2.4,-3.7,6.2,7.4,6.4,3.6,4.4,3,2.9,4.8,4.8,5,-6.8,10.5,10.1,6.2,4.8,5.2,5.2,5.2,5.2
Germany,51.165691,10.451526,1.3,0.1,-0.8,1.6,2.8,2.2,2.4,1.5,3.7,3.9,5.7,5,1.9,-1,2.4,1.5,0.8,1.8,2,1.9,2.9,1.7,-0.2,-0.7,1.2,0.7,3.8,3,1,-5.7,4.2,3.9,0.4,0.4,2.2,1.5,2.2,2.7,1,1.1,-3.8,3.2,1.8,-0.5,0.9,2,1.9,1.3,0.9
Ghana,7.946527,-1.023194,0.5,-3.8,-8.3,-6.2,9.4,6.4,6.2,6.7,6.5,4.5,3.6,4.8,4.5,4.8,3.5,4.2,4.8,5.8,5,4.5,3.6,3.8,4.6,5.1,5.4,6.2,5.8,4.1,9,5.7,7.8,13.9,8.4,7.2,2.9,2.1,3.4,8.1,6.2,6.5,0.5,5.1,3.1,1.2,2.7,4.6,4.9,5,5
Greece,39.074208,21.824312,0.7,-1.6,-1.1,-1.1,2,2.5,0.5,-2.3,4.3,3.8,0,3.1,0.7,-1.6,2,2.1,2.9,4.5,3.9,3.1,3.9,4.1,3.9,5.8,5.1,0.6,5.7,3.3,-0.3,-4.3,-5.5,-10.1,-7.1,-2.5,0.5,-0.2,-0.5,1.1,1.7,1.9,-9,8.4,5.9,2.5,2,1.4,1.4,1.2,1.1
Grenada,12.262776,-61.604171,15.1,1.4,4.1,3.3,4,6,7.4,9.1,2.9,3.8,4.2,1.4,-0.8,-2,1.8,2.2,4.4,4.9,11.8,7,5.1,-2,3.4,9.5,-0.6,13.3,-4,6.1,0.9,-6.6,-0.5,0.8,-1.2,2.4,7.3,6.4,3.7,4.4,4.4,0.7,-13.8,4.7,6.4,3.9,3.8,3.5,3.2,2.7,2.7
Guatemala,15.783471,-90.230759,3.7,0.6,-3.5,-2.5,0.5,-0.6,0.1,3.6,3.9,3.9,3.1,3,4.6,3.4,3.5,4.4,2.8,4.1,4.6,3.7,2.5,3.1,3.8,2.6,3.1,3.3,5.4,6.3,3.3,0.5,2.9,4.2,3,3.7,4.4,4.1,2.7,3.1,3.4,4,-1.8,8,4.1,3.4,3.5,3.6,3.7,3.8,3.9
Guinea,9.945587,-9.696645,2.6,0.6,1.8,1.3,1.4,5,3.1,3.3,6.3,4,4.3,2.5,3.3,5,4,4.7,4.5,5.2,3.6,3.8,2.5,3.7,5.2,1.2,2.3,3,2.5,6.5,4.1,-1.5,4.2,5.6,5.9,3.9,3.7,3.8,10.8,10.3,6.4,5.6,4.7,5,4.3,5.9,5.6,5.6,5.4,5.4,5.2
Guinea-Bissau,11.803749,-15.180413,no data,-0.5,4.2,-3.4,5.5,4.3,-1,5.6,2,2.9,4.6,7.3,3.1,2.3,3,4,3.7,6,-22.4,16.8,1.1,4.8,3.7,-0.3,1.2,6.6,2.7,2.6,4.5,2.4,5.6,8.1,-1.7,3.3,1,6.1,5.3,4.8,3.8,4.5,1.5,6.4,4.2,4.5,5,5,5,5,4.5
Guyana,4.860416,-58.93018,-2.1,0.6,-8.9,-11.5,2.1,0.4,-0.2,-0.1,-6,-4.9,-3,6,7.8,8.2,8.5,5.1,8,6.2,-1.7,3,-1.3,2.3,1.1,-0.7,1.6,-1.9,5.1,7,2,3.3,4.4,5.4,5,3.7,1.7,0.7,3.8,3.7,4.4,5.4,43.5,20.1,62.3,38.4,26.6,18.8,21.2,21.2,13.5
Haiti,18.971187,-72.285215,7.3,1.1,-2.8,-1.5,0.2,0.8,0.3,-0.4,0.6,-1.1,-0.4,1.3,-2.3,-4.9,-11.6,9.9,4.1,2.7,2.2,2.7,0.9,-0.3,1.1,3.5,-1.3,3.1,1.8,4.7,2.7,5.9,-5.7,5.1,0.5,4.3,1.7,2.6,1.8,2.5,1.7,-1.7,-3.3,-1.8,-1.7,-1.5,1.4,1.5,1.5,1.5,1.5
Honduras,15.199999,-86.241905,0.6,-1.2,-2.1,0.9,6.3,5.6,5.3,6.6,1.7,2.7,2.8,-3.3,6.1,6.5,0.2,6.2,1.9,4.6,3.6,-0.7,7.3,2.7,3.8,4.5,6.2,6.1,6.6,6.2,4.2,-2.4,3.7,3.8,4.1,2.8,3.1,3.8,3.9,4.8,3.8,2.7,-9,12.5,4,2.9,3.2,3.5,3.7,3.8,3.8
Hong Kong,22.396428,114.109497,10.3,9.2,2.9,6,10,0.7,11.1,13.4,8.5,2.3,3.8,5.7,6.2,6.2,6,2.4,4.3,5.1,-5.9,2.5,7.7,0.6,1.7,3.1,8.7,7.4,7,6.5,2.1,-2.5,6.8,4.8,1.7,3.1,2.8,2.4,2.2,3.8,2.8,-1.7,-6.5,6.4,-3.5,4.4,2.9,2.9,2.7,2.6,2.4
Hungary,47.162494,19.503304,0.2,2.9,2.8,0.7,2.7,-0.3,1.5,4.1,-0.1,0.7,-3.5,-11.9,-3.1,-0.6,2.9,2.5,0.1,3.1,3.9,3.1,4.5,4.1,4.7,4.1,5,4.3,3.9,0.3,1,-6.6,1.1,1.9,-1.3,1.8,4.2,3.7,2.2,4.3,5.4,4.9,-4.5,7.2,4.6,-0.3,3.1,3.3,3.4,3.4,3.5
Iceland,64.963051,-19.020835,5.7,4.3,2.2,-2.2,4.1,3.3,6.3,8.5,-0.1,0.3,1.2,-0.2,-3.4,1.3,3.6,0.1,4.6,5.8,7.4,4,5,4,0.6,2.1,7.8,6.1,6.3,8.5,2.2,-7.7,-2.8,1.8,1.1,4.6,1.7,4.4,6.3,4.2,4.9,1.9,-7.2,4.5,7.2,3.3,1.7,2.2,2.4,2.3,2.4
India,20.593684,78.96288,5.3,6,3.5,7.3,3.8,5.3,4.8,4,9.6,5.9,5.5,1.1,5.5,4.8,6.7,7.6,7.5,4,6.2,8.5,4,4.9,3.9,7.9,7.8,9.3,9.3,9.8,3.9,8.5,10.3,6.6,5.5,6.4,7.4,8,8.3,6.8,6.5,3.9,-5.8,9.1,7.2,6.3,6.3,6.3,6.3,6.3,6.3
Indonesia,-0.789275,113.921327,9.9,7.6,2.2,4.2,7.6,3.9,7.2,6.6,7,9.1,9,8.9,6.5,8,7.5,8.2,7.8,4.7,-13.1,0.8,5,3.6,4.5,4.8,5,5.7,5.5,6.3,7.4,4.7,6.4,6.2,6,5.6,5,4.9,5,5.1,5.2,5,-2.1,3.7,5.3,5,5,5,5,5,5
Iran,32.427908,53.688046,-21.6,-5.7,23.2,11.1,-7.1,1.9,-9.8,-0.2,-6.1,6.1,13.6,12.7,3.3,-1.5,-1.7,2.4,6.4,1.4,2.1,2,5.8,2.4,8.1,8.6,4.3,3.2,5,8.2,0.3,1,5.8,2.6,-3.7,-1.5,5,-1.4,8.8,2.8,-1.8,-3.1,3.3,4.7,3.8,3,2.5,2,2,2,2
Iraq,33.223191,43.679291,no data,no data,no data,no data,no data,no data,no data,no data,no data,no data,no data,no data,no data,no data,no data,no data,no data,no data,no data,24.8,-4.3,-6.6,-7.8,81.8,53.4,1.7,5.6,1.9,8.2,3.4,6.4,7.5,13.9,7.6,0.7,2.5,15.2,-3.4,4.7,5.4,-12.1,1.6,7,-2.7,2.9,4,3.6,3.3,3.2
Ireland,53.41291,-8.24389,2.9,2.5,1.5,-0.7,3.2,1.9,0.4,3.6,3,5.6,7.7,1.6,3.6,2.3,5.9,9.6,9.1,10.7,8.8,10.5,9.4,5.3,5.9,3,6.8,5.7,5,5.3,-4.5,-5.1,1.7,1.3,-0.1,1.2,8.8,24.5,1.8,9.3,8.5,5.3,6.6,15.1,9.4,2,3.3,3.2,2.7,2.7,2.7
Italy,41.87194,12.56738,3.1,0.6,0.2,0.9,3,2.6,2.7,3.1,4,3.3,2,1.4,0.7,-0.8,2.1,2.7,1.3,1.8,1.8,1.6,3.8,2,0.3,0.1,1.4,0.8,1.8,1.5,-1,-5.3,1.7,0.7,-3,-1.8,0,0.8,1.3,1.7,0.9,0.5,-9,7,3.7,0.7,0.7,1,1.1,1,0.9
Jamaica,18.109581,-77.297508,-4,4.4,3.1,4.2,0.9,-0.9,7,7.7,-4,4.7,4.9,0.8,2.8,2.2,1.9,2.5,0.2,-1.6,-1.2,1,0.8,1.3,0.7,3.7,1.3,0.9,2.9,1.4,-0.8,-3.4,-1.4,1.4,-0.5,0.2,0.6,0.9,1.5,0.7,1.8,1,-9.9,4.6,5.2,2,1.8,1.7,1.6,1.6,1.6
Japan,36.204824,138.252924,3.2,4.2,3.3,3.5,4.5,5.2,3.3,4.7,6.8,4.9,4.9,3.4,0.8,-0.5,0.9,2.6,3.1,1,-1.3,-0.3,2.8,0.4,0,1.5,2.2,1.8,1.4,1.5,-1.2,-5.7,4.1,0,1.4,2,0.3,1.6,0.8,1.7,0.6,-0.4,-4.2,2.2,1,2,1,0.6,0.5,0.4,0.4
Jordan,30.585164,36.238414,11.1,15,5.8,1.4,5.5,-1.1,5.9,2.7,2.9,-10.7,-1.6,-5.7,16.9,4.4,5,6,1.9,3.7,3.2,3.2,4.2,5,6.6,4,8.3,8.8,8.5,8.4,7.4,5,2.3,2.7,2.4,2.6,3.4,2.5,2,2.5,1.9,1.8,-1.6,2.2,2.5,2.6,2.7,3,3,3,3
Kazakhstan,48.019573,66.923684,no data,no data,no data,no data,no data,no data,no data,no data,no data,no data,no data,no data,no data,-9.2,-12.6,-8.2,0.5,1.7,-1.9,2.7,9.8,13.5,9.8,9.3,9.6,9.7,10.7,8.9,3.3,1.2,7.3,7.5,5,5.9,4.3,1,0.9,3.9,4.1,4.5,-2.6,4.1,3.3,4.6,4.2,4.6,1.8,3.1,3
Kenya,-0.023559,37.906193,5.6,4.1,5.1,1.6,1.6,4.1,7,5.8,6.1,4.6,4.1,1.3,-1.1,-0.1,2.5,4.3,4.5,0.4,3,2.2,0.3,4,0.5,2.9,4.6,5.7,5.9,6.9,0.2,3.3,8.1,5.1,4.6,3.8,5,5,4.2,3.8,5.7,5.1,-0.3,7.6,4.8,5,5.3,5.3,5.4,5.4,5.3
Kiribati,-3.370417,-168.734039,0.1,0.2,0.7,-2.7,2.4,-4.5,1,0.4,9.1,-3.1,-1.3,0.1,1.3,1,1.8,-0.1,1.1,2,6.9,-1.8,6,-1.4,4,2,-1.6,5,0,2,-2.1,0.8,-1.1,1.8,5.1,4.2,-1.1,9.9,-0.5,-0.1,5.3,-2.1,-1.4,7.9,1.2,2.6,2.4,2.3,2.1,2.1,2.1
North Korea,40.339852,127.510093,-1.6,7.2,8.3,13.4,10.6,7.8,11.3,12.7,12,7.1,9.9,10.8,6.2,6.9,9.3,9.6,7.9,6.2,-5.1,11.5,9.1,4.9,7.7,3.1,5.2,4.3,5.3,5.8,3,0.8,6.8,3.7,2.4,3.2,3.2,2.8,2.9,3.2,2.9,2.2,-0.7,4.3,2.6,1.4,2.2,2.3,2.2,2.2,2.1
Kosovo,42.602636,20.902977,no data,no data,no data,no data,no data,no data,no data,no data,no data,no data,no data,no data,no data,no data,no data,no data,no data,no data,no data,no data,no data,4.6,-0.4,2.6,0.6,4.5,3.6,8.3,1.8,5,4.9,6.3,1.7,5.3,3.3,5.9,5.6,4.8,3.4,4.8,-5.3,10.7,3.5,3.8,4,4,3.9,3.8,3.8
Kuwait,29.31166,47.481766,no data,no data,-9.5,5.3,5.2,-4.3,8.6,8.1,-10,25.9,-26.2,-41,82.8,35.1,8.6,1.7,0.6,2.5,3.7,-1.8,4.7,0.2,3,17.3,10.2,10.6,7.5,6,2.5,-7.1,-2.4,9.6,6.6,1.1,0.5,0.6,2.9,-4.7,2.4,-0.6,-8.9,1.1,8.9,-0.6,3.6,4.1,2.4,2.4,2.4
Kyrgyz Republic,41.20438,74.766098,no data,no data,no data,no data,no data,no data,no data,no data,no data,no data,no data,no data,no data,-13,-19.8,-5.4,7.1,9.9,2.1,3.7,5.4,5.3,0,7,7,-0.2,3.1,8.5,7.6,2.9,-0.5,6,-0.1,10.9,4,3.9,4.3,4.7,3.5,4.6,-7.1,5.5,6.3,3.4,4.3,3.9,4,4,4
Lao P.D.R.,19.85627,102.495496,10,15.3,4.7,3,6.4,9.1,4.8,-1,-2.1,9.9,6.7,4,7,5.9,8.2,7,6.9,6.9,4.3,4,6.4,4.8,6.8,6.2,7.2,6.9,9,7.9,7.8,7.4,8,8,7.8,8,7.6,7.3,7,6.9,6.3,4.7,-0.4,2.1,2.3,4,4,4.1,4.2,4.3,4.5
Latvia,56.879635,24.603189,no data,no data,no data,no data,no data,no data,no data,no data,no data,no data,no data,no data,no data,-11.4,2.2,-2.1,2.6,8.8,6.3,2.8,5.7,6.3,7.1,8.4,8.3,10.7,12,9.9,-3.2,-14.3,-4.5,2.6,7,2,1.9,3.9,2.4,3.3,4,2.6,-2.3,4.3,2.8,0.5,2.6,3.2,3.2,3.3,3.2
Lebanon,33.854721,35.862285,1.5,0.5,-36.8,22.7,44.5,24.3,-6.8,16.7,-28.2,-42.2,-13.4,38.2,4.5,7,8,6.5,4,10.2,3.9,-0.8,1.1,3.9,3.4,1.7,7.5,0.7,1.5,9.3,9.1,10.2,8,0.9,2.6,3.8,2.5,0.5,1.6,0.9,-1.9,-6.9,-25.9,-10,0,no data,no data,no data,no data,no data,no data
Lesotho,-29.609988,28.233608,-0.8,3.1,5.6,3,4.8,3,3.8,2.7,7.9,6,6.4,7.5,6.1,4,5.2,4.1,4.8,3.3,1.3,1.4,4,3.3,2.4,4.2,2.1,3.3,4.2,4.2,3.8,0.4,5.1,5.1,5.1,1.8,2.1,3.2,1.9,-2.7,-1.3,-2,-3.9,1.8,2.1,2.1,2.3,2.5,2.1,1.8,1.6
Liberia,6.428055,-9.429499,no data,no data,no data,no data,no data,no data,no data,no data,no data,no data,no data,no data,no data,no data,no data,no data,no data,no data,no data,no data,no data,2.8,4.4,-29,4,5.9,8.5,13.1,6.1,5.2,6.4,7.7,8.4,8.8,0.7,0,-1.6,2.5,1.2,-2.5,-3,5,4.8,4.6,5.3,6.4,6.4,6.4,7.3
Libya,26.3351,17.228331,0.6,-20,1.5,-4.7,-8.3,0.6,-11.4,-14.7,7.6,7.2,3.7,18.3,-4.5,-5.5,3.2,-15.4,1.8,-2.6,-0.7,-0.2,4,2.6,-3.7,16.1,5.8,10.6,0.3,6.2,-0.2,-4.4,5,-50.3,86.8,-18,-23,-0.8,-1.5,32.5,7.9,-11.2,-29.5,28.3,-9.6,12.5,7.5,6.9,4.2,2.2,2.3
Lithuania,55.169438,23.881275,no data,no data,no data,no data,no data,no data,no data,no data,no data,no data,no data,no data,no data,no data,no data,no data,5.2,8.3,7.5,-1.1,3.7,6.5,6.8,10.6,6.6,7.7,7.4,11.1,2.6,-14.8,1.7,6,3.8,3.6,3.5,2,2.5,4.3,4,4.6,0,6,1.9,-0.2,2.7,2.6,2.5,2.2,2.1
Luxembourg,49.815273,6.129583,3.2,0.8,1,1.9,4.7,5.6,10,4,8.5,9.8,5.3,8.6,1.8,4.2,3.8,1.4,1.5,5.9,6.5,8.4,8.4,3.1,3.2,2.6,4.2,2.5,6,8.1,-0.3,-3.2,3.8,1,1.6,3.2,2.6,2.3,5,1.3,1.2,2.9,-0.9,7.2,1.4,-0.4,1.5,2.4,2.5,2.3,2.3
Madagascar,-18.766947,46.869107,0.8,-9.8,-1.9,0.9,1.8,1.2,2,1.2,3.4,4.1,3.1,-6.3,1.2,2.1,0,1.7,2.2,3.7,3.9,4.7,4.5,6,-12.4,9.8,5.3,4.8,5.4,5.7,6.7,-4,0.6,1.6,3,2.3,3.3,3.1,4,3.9,3.2,4.4,-7.1,5.7,4,4,4.8,4.7,4.7,4.6,4.5
Malawi,-13.254308,34.301525,0.4,-5.2,2.5,3.7,5.4,4.6,-0.2,1.6,3.2,1.3,5.7,8.7,-7.3,9.7,-10.3,13.8,10,6.6,1.1,3.5,0.8,-4.1,1.8,5.7,5.4,3.3,4.7,9.6,7.6,8.3,6.9,4.9,1.9,5.2,5.7,3,2.3,4,4.4,5.4,0.9,4.6,0.8,1.7,3.3,3.8,4.3,4.5,4.6
Malaysia,4.210484,101.975766,7.4,6.9,5.9,6.3,7.8,-0.9,1.2,5.4,9.9,9.1,9,9.5,8.9,9.9,9.2,9.8,10,7.3,-7.4,6.1,8.7,0.5,5.4,5.8,6.8,5,5.6,6.3,4.8,-1.5,7.5,5.3,5.5,4.7,6,5,4.4,5.8,4.8,4.4,-5.5,3.3,8.7,4,4.3,4.4,4.4,3.9,3.9
Maldives,3.202778,73.22068,18.8,7.9,7.5,4.4,17.4,13.8,8.6,8.9,8.7,9.3,-4,6.9,6.5,5.4,7.5,7.4,9.1,10.4,9.8,7.2,4.8,3.5,6.1,25.4,6,-13.1,26.1,7.7,9.5,-7.2,7.3,8.6,2.5,7.3,7.3,2.9,6.3,7.2,8.1,6.9,-33.4,41.7,13.9,8.1,5,6.5,5.9,5.5,5.1
Mali,17.570692,-3.996166,3.3,-4.5,-11.6,3.2,2.4,3.2,6.1,2.5,0.1,10.7,9.3,7.7,-1.6,3.6,3.8,3,7.3,4.8,2.9,6.2,-0.1,15.4,3.1,9.1,1.6,6.5,4.7,3.5,4.8,4.7,5.4,3.2,-0.8,2.3,7.1,6.2,5.9,5.3,4.7,4.8,-1.2,3.1,3.7,4.5,4.8,5.3,5.1,5,5
Malta,35.937496,14.375416,7,2.7,0.1,2.6,0.8,2.4,3.8,5.7,6.8,7.1,4.7,5.9,8.1,3.9,4.6,6.9,4,4.8,3.4,3.8,-1,-1.2,2.6,4.1,0.1,3.4,2.5,4.8,3.8,-1.1,5.5,0.5,4.1,5.5,7.6,9.6,3.4,10.9,7.4,7.1,-8.1,12.3,6.9,3.8,3.3,3.5,3.5,3.5,3.5
Marshall Islands,7.131474,171.184478,no data,no data,no data,no data,no data,no data,no data,no data,no data,no data,no data,no data,no data,no data,no data,no data,no data,no data,-0.7,-1.4,2.5,6.9,3.6,-1.5,-0.7,1.8,0.2,3.4,-7.6,3.7,5.4,0,-1.3,3.6,-1.2,2.1,2.1,3.7,5.7,10.3,-2.9,1,-4.5,3,3,2,1.7,1.5,1.5
Mauritania,21.00789,-10.940835,no data,no data,no data,no data,no data,no data,no data,no data,no data,no data,no data,0,1.8,5.9,-3.1,9.8,5.8,-4,2.8,3.7,-3.9,-0.8,1.4,6.9,4.7,8.6,18.3,-2,-0.3,0.1,2.6,4.2,4.5,4.2,4.3,5.4,1.3,6.3,4.8,5.4,-0.9,2.4,6.5,4.5,5.3,7,3.9,4.8,4.1
Mauritius,-20.348404,57.552152,-10.1,5.9,5.5,0.4,4.8,6.9,9.7,10.2,6.8,4.5,7.2,4.4,6.5,5.1,4.1,4.3,5.6,5.7,6.1,2.6,8.2,3.2,1.6,6,4.3,1.5,4.5,5.7,5.4,3.3,4.4,4.1,3.5,3.4,3.8,3.7,3.9,3.9,4,2.9,-14.6,3.4,8.7,5.1,3.8,3.4,3.4,3.3,3.3
Mexico,23.634501,-102.552784,9.5,9.6,0,-4.6,3.5,1.9,-3.9,2.1,1.2,3.6,5.3,4,3.6,2.9,4.4,-5.9,6.2,7.2,6.2,2.8,5,-0.5,-0.2,1.2,3.6,2.1,4.8,2.1,0.9,-6.3,5,3.4,3.6,0.9,2.5,2.7,1.8,1.9,2,-0.3,-8.7,5.8,3.9,3.2,2.1,1.5,1.8,2,2.1
Micronesia,7.425554,150.550812,no data,no data,no data,no data,no data,no data,no data,no data,no data,no data,no data,no data,no data,no data,no data,no data,-3.1,-6.1,2.7,1.5,4.9,2.1,0.6,1.6,-3.1,2,-0.1,-1.8,-2.4,1.1,2.3,3.2,-1.9,-3.7,-2.3,4.6,0.9,2.7,0.2,1.2,-2.8,-2.2,-0.6,2.6,3.1,1.9,1.3,1.1,0.6
Moldova,47.411631,28.369885,no data,no data,no data,no data,no data,no data,no data,no data,no data,no data,no data,-17.5,-29.7,-1.2,-30.9,-1.4,-5.9,1.6,-6.5,-3.4,2.1,6.1,7.8,6.6,7.4,7.5,4.8,3,7.8,-6,7.1,5.8,-0.6,9,5,-0.3,4.4,4.2,4.1,3.6,-8.3,13.9,-5,2,4.3,5,5,5,5
Mongolia,46.862496,103.846656,6.4,8.4,8.3,5.8,5.9,5.7,9.4,3.5,5.1,4.2,-2.5,-9.2,-9.3,-3.2,2.1,6.4,2.2,3.9,3.3,3.1,1.1,4.6,5.3,7.4,9.4,6.5,8.2,8.8,7.8,-2.1,7.3,17.3,12.3,11.6,7.9,2.4,1.5,5.6,7.7,5.6,-4.6,1.6,5,5.5,4.5,3.5,3.5,3.5,4
Montenegro,42.708678,19.37439,no data,no data,no data,no data,no data,no data,no data,no data,no data,no data,no data,no data,no data,no data,no data,no data,no data,no data,no data,no data,no data,1.1,1.9,2.5,4.4,4.2,8.6,6.8,7.2,-5.8,2.7,3.2,-2.7,3.5,1.8,3.4,2.9,4.7,5.1,4.1,-15.3,13,6.1,4.5,3.7,3.2,3,3,3
Morocco,31.791702,-7.09262,3.8,-2.8,9.6,-0.6,4.3,6.3,8.3,-2.5,10.4,2.4,4,7.5,-2.9,-1,11.5,-6.3,13.5,-2,8,0.5,1.6,7.6,3.3,6.3,4.8,3,7.8,2.7,5.9,4.2,3.8,5.2,3,4.5,2.7,4.3,0.5,5.1,3.1,2.9,-7.2,8,1.3,2.4,3.6,3.2,3.2,3.4,3.4
Mozambique,-18.665695,35.529562,4.2,5,-6.9,-15.7,-6.5,1,-2.3,14.7,8.2,6.5,1,6.6,-6.1,10.6,6.5,2.3,11.2,11.3,9.9,11.7,1.2,12.1,9.3,6.9,7.9,6.6,9.7,7.7,7.3,6.3,6.5,7.4,7.3,7,7.4,6.7,3.8,3.7,3.4,2.3,-1.2,2.4,4.2,7,5,5,4,13.1,12.1
Myanmar,21.913965,95.956223,no data,no data,no data,no data,no data,no data,no data,no data,no data,no data,no data,no data,no data,no data,no data,no data,no data,no data,no data,8.4,12.4,12.5,9.9,13.2,15.3,13.6,13.3,12.5,7.6,4.4,5.2,5.5,6.5,7.9,8.2,7.5,6.4,5.8,6.4,6.8,3.2,-17.9,2,2.6,2.6,2.5,2.6,2.9,3.4
Namibia,-22.95764,18.49041,no data,no data,no data,no data,no data,no data,no data,no data,no data,no data,no data,5.3,9.3,-1.6,3,4.1,3.2,4.2,3.3,3.4,3.5,2.4,6.7,3.5,6.6,4.7,3.9,3.6,2.6,0.3,6,5.1,5.1,5.6,6.1,4.3,0,-1,1.1,-0.8,-8.1,3.5,4.6,2.8,2.7,2.7,2.6,2.6,2.6
Nauru,-0.522778,166.931503,no data,no data,no data,no data,no data,no data,no data,no data,no data,no data,no data,no data,no data,no data,no data,no data,no data,no data,no data,no data,no data,no data,no data,no data,no data,-8,-8.3,-6.8,63.3,-6,-0.3,9.3,30.6,5,14.7,-5.7,8,-5.9,7.2,9.1,4.1,2.9,1.9,0.5,1.3,2.4,2.2,2.2,2.3
Nepal,28.394857,84.124008,-2.3,8.3,3.8,-3,9.7,6.1,4.6,1.7,7.7,4.3,4.6,6.4,4.1,3.8,8.2,3.5,5.3,5.3,2.9,4.5,6.1,5.6,0.1,3.9,4.7,3.5,3.4,3.4,6.1,4.5,4.8,3.4,4.7,3.5,6,4,0.4,9,7.6,6.7,-2.4,4.8,5.6,0.8,5,5.2,5.1,5.1,5.1
Netherlands,52.132633,5.291266,no data,-0.5,-1.3,1.8,3.1,2.7,3.1,1.9,4.6,4.5,4.2,2.5,1.6,1.3,3,2.8,3.5,4.3,4.7,5,4.2,2.3,0.2,0.2,2,2,3.5,3.8,2.2,-3.7,1.3,1.5,-1,-0.1,1.4,2,2.2,2.9,2.4,2,-3.9,6.2,4.3,0.6,1.1,1.5,1.6,1.6,1.6
New Zealand,-40.900557,174.885971,1,3,2.9,-0.1,6.9,1.2,1.8,2.4,0.6,0.4,0,-1.3,0.7,5.2,5.6,4.9,4.1,2.5,0.4,4.5,4.2,2.5,4.7,4.4,4.8,3.2,2.8,3.5,-0.3,-1.1,1.8,1.8,2.5,2.3,3.8,3.7,3.9,3.5,3.5,3.1,-1.5,6.1,2.7,1.1,1,2.1,2.2,2.4,2.4
Nicaragua,12.865416,-85.207229,4.6,5.4,-0.8,4.6,-1.6,-4.1,-1,-0.7,-12.4,-1.7,-0.1,-0.2,0.4,-0.4,5,5.9,6.3,4,3.7,7,4.1,3,0.8,2.5,5.4,4.2,3.8,5.1,3.4,-3.3,4.4,6.3,6.5,4.9,4.8,4.8,4.8,4.4,-3.4,-2.9,-1.8,10.3,3.8,3,3.3,3.5,3.5,3.5,3.5
Niger,17.607789,8.081666,4.9,-0.2,2.2,-3.9,-16.8,7.7,6.4,0.1,6.9,1,-1.3,-0.4,2,0.3,1.9,2.5,0.1,1.5,10,-0.2,-1.2,7.3,4.9,2.2,0.4,7.3,5.9,3.1,7.7,2,8.6,2.4,10.5,5.3,6.6,4.4,5.7,5,7,6.1,3.5,1.4,11.9,4.1,11.1,6.5,6.1,6,6
Nigeria,9.081999,8.675277,no data,no data,no data,no data,no data,no data,no data,no data,no data,no data,no data,-0.6,2.2,1.6,0.3,1.9,4.1,2.9,2.5,0.5,5.5,6.7,14.6,9.5,10.4,7,6.7,7.3,7.2,8.4,11.3,4.9,4.3,5.4,6.3,2.7,-1.6,0.8,1.9,2.2,-1.8,3.6,3.3,2.9,3.1,3.1,3.1,3.1,3.1
North Macedonia ,41.608635,21.745275,no data,no data,no data,no data,no data,no data,no data,no data,no data,no data,no data,no data,no data,-7.5,-1.8,-1.1,1.2,1.4,3.4,4.3,4.5,-3.1,1.5,2.2,4.7,4.7,5.1,6.5,5.5,-0.4,3.4,2.3,-0.5,2.9,3.6,3.9,2.8,1.1,2.9,3.9,-4.7,3.9,2.1,2.5,3.2,3.5,3.5,3.5,3.5
Norway,60.472024,8.468946,4.5,1.6,0.2,4,6.1,5.6,4,1.8,-0.3,1,1.9,3.1,3.6,2.8,5.1,4.2,5,5.3,2.7,2.1,3.3,2.1,1.4,0.9,4,2.7,2.5,2.9,0.5,-1.9,0.8,1.1,2.7,1,2,1.9,1.2,2.5,0.8,1.1,-1.3,3.9,3.3,2.3,1.5,1.2,1.5,1.4,1.4
Oman,21.512583,55.923255,6.1,17.1,11.5,15.9,13.9,14.5,2.1,-4,5.2,3,8.4,6,8.5,6.1,3.8,4.8,2.9,6.2,2.7,0.3,6.2,4.6,-0.8,-2.2,2,2.8,4.7,5,9,6,2.5,2.9,8.9,5.2,1.3,5,5,0.3,1.3,-1.1,-3.4,3.1,4.3,1.2,2.7,3,3.4,3.1,3.1
Pakistan,30.375321,69.345116,6.9,6.2,7.6,6.8,4,8.7,6.4,5.8,6.4,4.8,4.6,5.1,7.6,2.1,4.4,5.1,6.6,1.7,3.5,4.2,3.9,3.6,2.6,5.2,7.7,8,5.7,5.1,4.4,1.1,2.3,3.2,3.2,3.9,3.6,3.8,4.1,4.6,6.1,3.1,-0.9,5.8,6.1,-0.5,2.5,3.6,4.5,5,5
Palau,7.51498,134.58252,no data,no data,no data,no data,no data,no data,no data,no data,no data,no data,no data,no data,no data,no data,no data,no data,no data,no data,no data,no data,no data,6.5,5.1,-3.4,4.1,3.7,0,0.9,-5.3,-6.8,-1.1,4.1,1.9,-1.6,4.4,9.5,1.5,-3.5,1.3,1.4,-7,-13.4,-2,0.8,12.4,11.9,3.5,2,1.5
Panama,8.537981,-80.782127,4.5,9.2,5.3,-4.5,2.7,4.9,3.6,-1.8,-13.4,1.6,8.1,9.4,8.2,5.5,2.8,1.8,7.4,6.5,7.3,3.9,2.7,0.6,2.2,4.2,7.5,7.2,8.5,12.1,9.9,1.2,5.8,11.3,9.8,6.9,5.1,5.7,5,5.6,3.7,3.3,-17.7,15.8,10.8,6,4,4,4,4,4
Papua New Guinea,-6.314993,143.95555,-2.3,1.1,0.8,3.4,-1,3.6,5.7,2.8,2.9,-1.4,-3.1,9.6,13.8,13.3,10.5,-3.4,6.6,-6.3,4.7,1.9,-2.5,-0.1,-0.2,9,0.6,4.3,2.5,7.8,-0.3,6.8,10.1,1.1,4.7,3.8,13.5,6.6,5.5,3.5,-0.3,4.5,-3.2,0.1,4.3,3,5,3.1,3.1,3,3.1
Paraguay,-23.442503,-58.443832,11.7,9.2,-1.4,-3,2.8,3.9,0.3,4.1,5.9,5.8,4.1,3.5,1.7,4.9,5.3,6.8,1.6,4.2,0.1,-1.4,-2.3,-0.8,0,4.3,4.1,2.1,4.8,5.4,6.5,-0.3,11.1,4.3,-0.7,8.3,5.3,3,4.3,4.8,3.2,-0.4,-0.8,4,0.1,4.5,3.8,3.8,3.5,3.5,3.5
Peru,-9.189967,-75.015152,7.7,5.5,-0.3,-9.3,3.8,2.1,12.1,7.7,-9.4,-13.4,-5.1,2.2,-0.5,5.2,12.3,7.4,2.8,6.5,-0.4,1.5,2.7,0.6,5.5,4.2,5,6.3,7.5,8.5,9.1,1.1,8.3,6.3,6.1,5.9,2.4,3.3,4,2.5,4,2.2,-11,13.3,2.7,1.1,2.7,3.1,3,3,3
Philippines,12.879721,121.774017,5.1,3.4,3.6,1.9,-7.3,-7.3,3.4,4.3,6.8,6.2,3,-0.4,0.4,2.2,4.4,4.6,5.9,5.2,-0.5,3.3,4.4,3,3.7,5.1,6.6,4.9,5.3,6.5,4.3,1.4,7.3,3.9,6.9,6.8,6.3,6.3,7.1,6.9,6.3,6.1,-9.5,5.7,7.6,5.3,5.9,6.1,6.2,6.3,6.4
Poland,51.919438,19.145136,-6,-10,-4.8,5.6,-0.4,3.9,3.5,2.3,3.3,3.8,-7.2,-7,2,4.3,5.2,6.7,6.2,7.1,5,4.5,4.3,1.2,1.4,3.5,5,3.5,6.1,7.1,4.2,2.8,2.9,5,1.5,0.9,3.8,4.4,3,5.1,5.9,4.4,-2,6.9,5.1,0.6,2.3,3.4,3.2,3.1,3.1
Portugal,39.399872,-8.224454,6.7,3.5,2.2,1,-1,1.6,3.3,7.6,5.3,6.6,7.9,3.4,3.1,-0.7,1.5,2.3,3.5,4.4,4.8,3.9,3.8,1.9,0.8,-0.9,1.8,0.8,1.6,2.5,0.3,-3.1,1.7,-1.7,-4.1,-0.9,0.8,1.8,2,3.5,2.8,2.7,-8.3,5.5,6.7,2.3,1.5,2.1,2,1.9,1.9
Puerto Rico,18.220833,-66.590149,no data,1.1,-3,0.5,7.3,2.1,8.2,4.9,6.5,4.9,3.8,2.3,4.6,4.6,4.2,4.5,2.3,4.9,6.5,4.4,3.3,9.5,2.2,2.3,2,-2,-1.4,-1.2,-1.8,-2,-0.4,-0.4,0,-0.3,-1.2,-1,-1.3,-2.9,-4.4,1.7,-4.4,0.2,2,-0.7,-0.2,0,0.3,1.7,0.8
Qatar,25.354826,51.183884,-1,-3.9,-8.2,-5.3,16,-13,3.7,0.9,4.7,5.3,-14.6,-1.5,10.4,-0.9,1.9,0.4,4.2,27.7,10.3,3.8,6.9,4.5,6.9,4,19.2,7.8,28.1,18.2,17.5,13.1,17.7,11.3,4.7,5.6,5.3,4.8,3.1,-1.5,1.2,0.7,-3.6,1.5,4.9,2.4,2.2,3.7,3.6,6.3,2.8
Romania,45.943161,24.96676,3.3,0.1,3.9,6,6,-0.1,2.4,0.8,-0.5,-5.8,-5.6,-12.9,-8.8,1.5,3.9,7.1,3.9,-6.1,-4.8,-1.2,2.9,5.1,5.7,2.3,10.3,4.7,8,7.2,9.4,-5.6,-3.9,4.5,1.9,0.2,4.1,3.2,2.9,8.2,6,3.8,-3.7,5.9,4.7,2.2,3.8,3.8,3.8,3.8,3.7
Russia,61.52401,105.318756,no data,no data,no data,no data,no data,no data,no data,no data,no data,no data,no data,-5,-14.5,-8.7,-12.7,-4.1,-3.6,1.4,-5.3,6.3,10.1,5.1,4.7,7.4,7.1,6.4,8.2,8.6,5.2,-7.8,4.5,3.9,4,1.8,0.7,-2,0.2,1.8,2.8,2.2,-2.7,5.6,-2.1,2.2,1.1,1,1,0.9,0.9
Rwanda,-1.940278,29.873888,-3.6,2.5,-2.5,6,13,4.4,5.5,-0.3,0.3,-5.7,0.4,-4.3,6.6,-10.4,-41.9,24.5,11.6,14.9,8.3,3.3,8.4,8.5,13.2,2.2,7.4,9.3,9.2,7.7,11.2,6.3,7.3,8,8.6,4.7,6.2,8.9,6,3.9,8.5,9.5,-3.4,10.9,8.2,6.2,7,7,7.3,7.3,7.3
Saint Kitts and Nevis,17.357822,-62.782998,1.3,2.7,6.1,-2.1,9.7,6.4,8.8,8.3,10.4,6,5.5,2.3,3.1,5.4,5.4,3.5,5.9,7.3,1,3.9,9.7,5.3,1.4,-3.9,4,9.7,3.2,0.6,11.2,-3.4,0,1.6,-0.5,5.7,7.6,0.7,3.9,0,2.1,4.1,-14.6,-0.9,8.8,4.9,3.8,3,2.7,2.7,2.7
Saint Lucia,13.909444,-60.978893,-0.5,5.1,2.1,4.1,8,12.6,14.4,3.9,13.9,9,9.9,0.4,8,0.6,1.6,1.7,2.9,-0.7,6.3,2.7,0,-3.4,0.4,4.3,7.3,-0.4,6.5,1.9,4.9,-1.9,0.5,4.9,-0.4,-2.2,1.3,-0.2,3.8,3.4,2.9,-0.2,-23.6,11.3,15.7,3.2,2.3,2.3,1.8,1.5,1.5
Saint Vincent and the Grenadines,12.984305,-61.287228,2.9,3.9,2.6,3.2,5.3,4.3,5.4,0.6,13.2,3.3,4.8,2.2,7.1,3.6,-1.2,6.8,1.1,3.7,4.5,2.1,1.8,1.6,4.9,6.1,3.7,2.3,6.5,3.1,0.4,-1.2,-4.3,-0.6,1.1,2.5,1.1,2.8,4.1,1.5,3.2,0.7,-3.7,0.8,5.5,6.2,5,3.9,2.8,2.7,2.7
Samoa,-13.759029,-172.104629,-6.1,-9.1,-1,0.5,2,5.8,4.8,0.5,2.9,5.8,-6.4,-2.4,4.1,1.7,6.4,6.6,7.3,0.8,1.1,-0.6,5.1,7.4,5.7,5.2,3.1,6.6,2.1,0.5,3.6,-0.5,2.5,3.8,-3.7,0.1,0.7,3.9,8,1.4,-0.6,4.5,-3.1,-7.1,-5.3,8,3.6,3.4,3,2.6,2.3
San Marino,43.94236,12.457777,no data,no data,no data,no data,no data,no data,no data,no data,no data,no data,no data,no data,no data,no data,no data,no data,no data,no data,7.5,9,2.2,5.5,0.3,3.9,4.6,2.4,3.8,7.1,-0.4,-10.1,-5.8,-8.5,-7.2,-0.8,-0.6,2.7,2.3,0.3,1.5,2,-6.8,14.2,5,2.2,1.3,1.3,1.3,1.3,1.3
Saudi Arabia,23.885942,45.079162,5.7,1.9,-20.7,-16.1,-4.7,-9.8,17,-6.6,13.1,-0.5,15.2,15,4,-1.4,0.6,0.2,2.6,1.1,2.9,-3.8,5.6,-1.2,-2.8,11.2,8,5.6,2.8,1.8,6.2,-2.1,5,11,5.4,2.9,4,4.7,2.4,-0.1,2.8,0.8,-4.3,3.9,8.7,0.8,4,4.2,3.3,3.3,3.1
Senegal,14.497401,-14.452362,-0.8,5.1,7.8,-5.3,3.7,3.3,3.1,6.1,-0.6,4,-0.7,2.6,1.2,1.3,-0.2,6.1,1.9,2.7,6,6,3.9,4.3,0.1,5.6,4.6,4.3,2.3,2.8,3.7,2.8,3.4,1.3,4,2.4,6.2,6.4,6.4,7.4,6.2,4.6,1.3,6.5,4,4.1,8.8,10.2,5.2,5.2,5.3
Serbia,44.016521,21.005859,no data,no data,no data,no data,no data,no data,no data,no data,no data,no data,no data,no data,no data,no data,no data,no data,no data,no data,3.3,-9.4,6.1,6.9,6.4,4.4,9,5.5,5.1,6.4,5.7,-2.7,0.7,2,-0.7,2.9,-1.6,1.8,3.3,2.1,4.5,4.3,-0.9,7.5,2.3,2,3,4.5,4,4,4
Seychelles,-4.679574,55.491977,-2.3,-3.9,-2.1,-0.6,4.3,10.3,0.8,4.9,5.3,10.3,7.5,2.8,7.2,7.3,-2.4,0.5,10,12.2,2.5,1.9,4.3,-2.3,1.2,-5.9,-2.9,9,9.4,10.4,-2.1,-1.1,6.3,5.7,3.8,6.4,4.7,9.7,12.7,6.6,6.2,5.2,-8.5,2.5,8.9,4.2,3.9,3.9,3.9,3.9,3.6
Sierra Leone,8.460555,-11.779889,-0.6,1.9,1.8,-1.6,1.7,-6.7,0.1,2.4,2.1,5,1.6,-8,-9.6,0.1,3.5,-10,-24.8,-17.6,-0.8,-8.1,3.8,18.2,26.4,9.3,6.6,4.5,4.2,8.1,5.4,3.2,5.3,6.3,15.2,20.7,4.6,-20.5,6.4,3.8,3.5,5.3,-2,4.1,4,2.7,4.7,5.2,4.5,4.5,4.6
Singapore,1.352083,103.819836,10.1,10.8,7.1,8.6,8.8,-0.6,1.3,10.8,11.3,10.2,9.8,6.7,6.6,11.5,11.1,7.2,7.5,8.3,-2.2,5.7,9,-1.1,3.9,4.5,9.9,7.4,9,9,1.9,0.1,14.5,6.2,4.4,4.8,3.9,3,3.6,4.5,3.6,1.3,-3.9,8.9,3.6,1,2.1,2.5,2.5,2.5,2.5
Slovak Republic,48.669026,19.699024,no data,no data,no data,no data,no data,no data,no data,no data,no data,no data,no data,no data,no data,no data,6.2,7.9,6.9,4.4,4.1,-0.1,1.2,3.3,4.5,5.5,5.3,6.6,8.5,10.8,5.6,-5.5,6.7,2.7,1.3,0.6,2.7,5.2,1.9,2.9,4,2.5,-3.3,4.9,1.7,1.3,2.5,2.8,2.8,2.7,2.7
Slovenia,46.151241,14.995463,no data,no data,no data,no data,no data,no data,no data,no data,no data,no data,no data,no data,no data,2.8,5.3,4.1,3.6,5,3.3,5.3,3.7,3.2,3.5,3,4.4,3.8,5.7,7,3.5,-7.5,1.3,0.9,-2.6,-1,2.8,2.2,3.2,4.8,4.5,3.5,-4.2,8.2,2.5,2,2.2,2.6,2.8,2.8,2.8
Solomon Islands,-9.64571,160.156194,-2.7,-1.8,-1.7,3.9,0.2,-3.1,-0.2,8.4,1.3,4.3,2.2,6,12.7,4,8.1,10.1,1.6,-0.9,1.3,-0.5,-14.3,-8,-2.8,6.5,6.7,5.5,4.9,4.4,5.8,2.6,8.6,7.3,1.4,5.2,1.2,1.7,5.6,3.1,2.7,1.7,-3.4,-0.6,-4.1,2.5,2.4,3,3,3,3
Somalia,5.152149,46.199616,no data,no data,no data,no data,no data,no data,no data,no data,no data,no data,no data,no data,no data,no data,no data,no data,no data,no data,no data,no data,no data,no data,no data,no data,no data,no data,no data,no data,no data,no data,no data,no data,1.2,5.7,2.7,4.6,-1.3,9.5,3,3.6,-2.6,3.3,2.4,2.8,3.7,3.9,4,4.1,4.3
South Africa,-30.559482,22.937506,6.6,5.4,-0.4,-1.8,5.1,-1.2,0,2.1,4.2,2.4,-0.3,-1,-2.1,1.2,3.2,3.1,4.3,2.6,0.5,2.4,4.2,2.7,3.7,2.9,4.6,5.3,5.6,5.4,3.2,-1.5,3,3.2,2.4,2.5,1.4,1.3,0.7,1.2,1.6,0.3,-6,4.7,1.9,0.9,1.8,1.6,1.4,1.4,1.4
South Sudan,4.859363,31.571251,no data,no data,no data,no data,no data,no data,no data,no data,no data,no data,no data,no data,no data,no data,no data,no data,no data,no data,no data,no data,no data,no data,no data,no data,no data,no data,no data,no data,no data,no data,no data,no data,-50.3,27.3,1.6,-0.2,-13.3,-5.8,-2.1,0.9,-6.5,5.3,0.5,3.5,4.2,5.4,5.4,5.1,5.4
Spain,40.463667,-3.74922,1.2,-0.4,1.2,1.7,1.7,2.4,3.4,5.7,5.3,5,3.8,2.5,0.9,-1.3,2.3,4.1,2.4,3.9,4.5,4.7,5.1,3.9,2.7,3,3.1,3.7,4.1,3.6,0.9,-3.8,0.2,-0.8,-3,-1.4,1.4,3.8,3,3,2.3,2,-11.2,6.4,5.8,2.5,1.7,2.1,1.8,1.7,1.6
Sri Lanka,7.873054,80.771797,5.8,5.3,5.2,3.3,6.7,5,4.3,1.5,2.7,2.3,6.2,10.8,-3.1,7.5,8,6.1,12.2,10.3,-1.6,2.9,8.4,-1.9,3.7,5.9,5.4,6.2,7.7,6.8,6,3.5,8,8.7,8.6,4.1,6.4,4.2,5.1,6.5,2.3,-0.2,-4.6,3.5,-7.8,no data,no data,no data,no data,no data,no data
Sudan,12.862807,30.217636,2.5,6.3,4.1,-1.5,-5.6,-0.6,9.9,6.5,4.3,1.4,0.8,7,5.5,2.8,3.5,8.9,5.5,6.1,8.2,4.2,8.4,10.9,5.9,6.3,5.1,5.6,6.5,5.7,3.8,-2.8,3.9,-3.2,-17,2,4.7,4.9,4.7,0.8,-2.3,-2.5,-3.6,0.5,-2.5,-18.3,0.3,7.1,4.7,4.5,4.5
Suriname,3.919305,-56.027783,-6.5,1.9,-6.3,-5.1,-3,-0.9,-2.4,-8.8,10.8,2.3,-1.5,-13.8,3.9,-2.2,-7,11.3,11.2,7,2.2,-0.9,-0.1,4.9,3.7,6.2,7.3,4.9,5.8,5.1,4.1,3,5.2,5.8,2.7,2.9,0.3,-3.4,-4.9,1.6,4.9,1.1,-15.9,-2.7,1,2.1,3,3,3,3,3
Sweden,60.128161,18.643501,4.6,4.5,1.4,2.1,4.3,2.3,3,3.3,2.5,2.7,0.8,-1.1,-0.9,-1.8,3.9,3.9,1.6,3.1,4.3,4.2,4.8,1.4,2.2,2.3,4.3,2.9,4.7,3.4,-0.5,-4.3,6,3.2,-0.6,1.2,2.7,4.5,2.1,2.6,2,2,-2.2,6.1,2.8,-0.7,0.6,2.4,2.2,2.1,2.1
Switzerland,46.818188,8.227512,5.1,1.6,-1.3,0.6,3.1,3.7,1.8,1.5,3.3,4.4,3.7,-0.9,-0.1,-0.1,1.3,0.6,0.5,2.2,2.9,1.6,4.1,1.6,-0.1,-0.1,2.5,2.8,4.2,3.9,2.7,-2.3,3.2,1.9,1.2,1.8,2.3,1.6,2.1,1.4,2.9,1.2,-2.3,5.4,2.7,0.9,1.8,1.2,1.8,1.2,1.8
Syria,34.802075,38.996815,10.5,8.5,2.6,1.6,-6.5,7.3,-4.8,1.3,12.7,-6.1,10.4,10.7,13.2,7.4,5.5,5.4,3,-1.1,5.6,-3.1,2.3,3.7,5.9,-2,6.9,6.2,5,5.7,4.5,5.9,3.4,no data,no data,no data,no data,no data,no data,no data,no data,no data,no data,no data,no data,no data,no data,no data,no data,no data,no data
São Tomé and Príncipe,0.18636,6.613081,-1.1,-10.3,3.1,-3.9,-6,9.3,-5.8,-2.9,2,3.1,-2.2,1.2,0.7,1.1,2.2,2,1.5,1,2.5,2.5,0.4,2.4,2.4,6.6,3.8,7.1,9.1,3.3,8.2,3.3,1.4,2,2.9,5.1,4.9,1.5,5.2,4.1,4.4,2,2.6,1.9,0.1,0.5,2.4,3.1,3.6,3.7,3.7
Taiwan,23.69781,120.960515,8,7.1,4.8,9,10,4.8,11.5,12.8,8,8.7,5.5,8.4,8.3,6.8,7.5,6.5,6.2,6.1,4.2,6.7,6.3,-1.4,5.5,4.2,7,5.4,5.8,6.9,0.8,-1.6,10.2,3.7,2.2,2.5,4.7,1.5,2.2,3.3,2.8,3.1,3.4,6.5,2.4,0.8,3,2.8,2.6,2.5,2.1
Tajikistan,38.861034,71.276093,no data,no data,no data,no data,no data,no data,no data,no data,no data,no data,no data,no data,no data,-11.1,-21.4,-12.5,-4.4,1.7,5.3,3.7,8.3,10.2,9.1,10.2,10.6,6.7,7,7.8,7.9,3.9,6.5,7.4,7.5,7.4,6.7,6,6.9,7.1,7.6,7.4,4.4,9.4,8,6.5,5,4.5,4.5,4.5,4.5
Tanzania,-6.369028,34.888822,3.3,0.5,0.6,2.4,3.4,4.6,6.6,5.9,4.4,3.8,7,2.1,0.6,1.2,1.6,3.6,4.5,3.5,3.7,4.8,4.9,6,7.2,6.9,7.8,7.4,4.7,8.5,5.6,5.4,6.4,7.9,5.1,6.8,6.7,6.2,6.9,6.8,7,7,4.8,4.9,4.7,5.2,6.1,6.2,6.8,7,7
Thailand,15.870032,100.992541,4.6,5.9,5.4,5.6,5.8,4.6,5.5,9.5,13.3,12.2,11.6,8.4,9.2,8.7,8,8.1,5.7,-2.8,-7.6,4.6,4.5,3.4,6.1,7.2,6.3,4.2,5,5.4,1.7,-0.7,7.5,0.8,7.2,2.7,1,3.1,3.4,4.2,4.2,2.1,-6.1,1.5,2.6,2.7,3.2,3.1,3,3,3
Timor-Leste,-8.874217,125.727539,no data,no data,no data,no data,no data,no data,no data,no data,no data,no data,no data,no data,no data,no data,no data,no data,no data,no data,no data,no data,no data,16.3,-6.7,-2.2,0.4,3,-4.1,10.3,11.4,10.1,9.3,6,4.9,3.1,4.5,2.8,3.4,-3.1,-0.7,2.1,-8.3,2.9,3.9,1.5,3.1,3.1,3,3,3
Togo,8.619543,0.824782,-2.3,-3.4,-3.7,-5.2,5.9,3.7,3.3,-2.5,10.1,4.1,5.9,-0.6,-3.2,-16.3,13.9,19.7,-3.9,3.8,-2.3,2.5,-1,0.8,3.8,6.7,-1,-4.7,2.7,1.2,4,5.5,5.9,5.8,6.3,5.8,5.6,5.5,5.7,4,4.8,4.9,2,6,5.8,5.4,5.3,5.3,5.5,5.5,5.5
Tonga,-21.178986,-175.198242,15.8,14,12.8,5.8,44.1,5.6,8.8,1.7,-3.5,1.1,4.7,5.9,-3.8,-0.1,2,7.9,0.1,-0.6,2.3,2.3,3.8,1.5,4.5,0.1,-1.9,-0.4,-2.2,-2.5,4.8,-5.2,0.8,6.8,0.8,0.3,2,1.2,6.6,3.3,0.2,0.7,0.5,-2.7,-2,2.6,2.5,2.2,1.6,1.2,1.2
Trinidad and Tobago,10.691803,-61.222503,10.4,4.6,3.8,-10.3,-5.8,-4.1,-3.3,-4.6,-3.9,-0.8,1.5,3.1,10.1,-0.7,3.6,3.8,7.1,7.5,8.1,8,6.9,3.7,7.2,13.9,7.3,5.9,14.2,4.3,3.3,-4.8,3.5,-0.2,3.5,3.5,3.9,1,-7.5,-4.8,-0.6,0.4,-9.1,-1,1.5,2.5,2.2,2.5,1.8,1.5,1.4
Tunisia,33.886917,9.537499,7.4,5.5,-0.5,4.7,5.7,5.7,-1.5,6.7,0.1,2.6,7.1,4.1,8,2.5,3.6,2.7,6.9,5.7,5,6,4.3,3.8,1.3,4.7,6.2,3.5,5.2,6.7,4.2,3,3.5,-2,4.2,2.4,3.1,1,1.1,2.2,2.6,1.6,-8.8,4.4,2.5,1.3,1.9,2.3,2.6,2.6,2.6
Turkmenistan,38.969719,59.556278,no data,no data,no data,no data,no data,no data,no data,no data,no data,no data,no data,no data,no data,-10,-17.3,-7.2,-6.7,-11.3,6.7,16.5,18.6,20.4,15.8,17.1,14.7,13,11,11.1,14.7,6.1,16.2,12.9,6.1,-0.3,3.8,3,-1,4.7,0.9,-3.4,-2.9,4.6,1.6,2.5,2.1,2,1.9,1.9,1.9
Tuvalu,-7.109535,177.64933,no data,no data,no data,no data,no data,no data,no data,no data,no data,no data,no data,no data,no data,no data,no data,no data,no data,no data,no data,no data,no data,0.7,8.3,-4.4,-1.9,-3.7,1.3,6.9,6.6,-5.6,-2.5,7.5,-2.9,3.8,1.7,9.4,4.7,3.3,1.4,13.8,-4.3,1.8,0.7,3.9,3.5,2.4,2.2,2.1,2
Türkiye,38.963745,35.243322,-0.8,4.4,3.4,4.8,6.8,4.3,6.9,10,2.1,0.3,9.3,0.9,6,8,-5.5,7.2,7,7.5,3.1,-3.3,6.9,-5.8,6.4,5.8,9.8,9,6.9,5,0.8,-4.8,8.4,11.2,4.8,8.5,4.9,6.1,3.3,7.5,3,0.8,1.9,11.4,5.5,4,3,3.2,3.2,3.2,3.2
Uganda,1.373333,32.290275,-3.4,3.9,8.2,4.9,-3,-3,0.9,4,8.3,6.4,6.5,1.8,5.9,6.7,7.7,9.2,6.6,4.6,6.1,8,3.9,8.8,7.1,6.2,5.8,10,7,8.1,10.4,8.1,7.5,7.7,2.3,3.9,5.7,8,0.2,6.8,5.6,7.6,-1.2,5.7,6.4,4.6,5.7,7.5,6.8,6.8,6.3
Ukraine,48.379433,31.16558,no data,no data,no data,no data,no data,no data,no data,no data,no data,no data,no data,no data,-9.9,-14.2,-22.9,-12.2,-10,-3,-1.9,-0.2,5.9,8.8,5.3,9.5,11.8,3.1,7.6,8.2,2.2,-15.1,4.1,5.5,0.2,0,-6.6,-9.8,2.4,2.4,3.5,3.2,-3.8,3.4,-29.1,2,3.2,6.5,5,4,4
United Arab Emirates,23.424076,53.847818,-1.8,8,-7.2,-5.2,4.5,-2.5,-19.3,5.3,-2.6,15.7,23.6,2.2,3.1,0.3,7.4,6.6,5.4,8.6,0.9,3.8,12.3,1.4,2.4,8.8,9.6,4.9,9.8,3.2,3.2,-5.2,5.3,6.2,1.8,5.1,4.2,6.8,5.6,0.7,1.3,1.1,-5,4.4,7.9,3.4,4,4.2,4.3,4.4,4.5
United Kingdom,55.378051,-3.435973,-2.2,-0.9,1.7,3.9,1.9,3.7,2.6,5.2,5.2,2.2,0.6,-1.7,0,2.1,3.5,2.1,1.9,4.5,3.2,3,4.1,2.2,1.8,3.1,2.3,2.7,2.2,2.6,-0.2,-4.5,2.4,1.1,1.4,1.8,3.2,2.4,2.2,2.4,1.7,1.6,-11,7.6,4.1,0.5,0.6,2,2,1.8,1.5
United States,37.09024,-95.712891,-0.3,2.5,-1.8,4.6,7.2,4.2,3.5,3.5,4.2,3.7,1.9,-0.1,3.5,2.8,4,2.7,3.8,4.4,4.5,4.8,4.1,1,1.7,2.8,3.9,3.5,2.8,2,0.1,-2.6,2.7,1.5,2.3,1.8,2.3,2.7,1.7,2.2,2.9,2.3,-2.8,5.9,2.1,2.1,1.5,1.8,2.1,2.1,2.1
Uruguay,-32.522779,-55.765835,6,1.9,-9.4,-5.9,-1.5,0.3,7.5,5.9,0.5,1.1,0.3,3.5,7.9,2.7,7.3,-1.4,5.6,5.5,4.5,-1.9,-1.9,-3.8,-7.7,0.8,5,7.5,4.1,6.5,7.2,4.2,7.8,5.2,3.5,4.6,3.2,0.4,1.7,1.7,0.2,0.7,-6.3,5.3,4.9,1,3.2,2.9,2.6,2.4,2.2
Uzbekistan,41.377491,64.585262,no data,no data,no data,no data,no data,no data,no data,no data,no data,no data,no data,no data,-11.1,-2.3,-5.2,-0.9,1.7,5.2,4.3,4.3,3.8,4.2,4,4.2,7.4,7,7.5,9.5,9,8.1,7.1,7.5,7.1,7.3,6.9,7.2,5.9,4.4,5.9,6,2,7.4,5.7,5.5,5.5,5.5,5.5,5.5,5.5
Vanuatu,-15.376706,166.959158,5.5,4.4,2,3,9.6,1,-0.1,-2.9,-1.7,1.5,11.7,3.1,2.6,0.7,9.1,1,2.3,4.9,1.2,0.3,5.9,-3.4,-5.2,4.3,4,5.3,8.5,2.9,5.6,3,1.3,3.1,1,0.5,3.1,0.4,4.7,6.3,2.9,3.2,-5,0.6,1.9,1.5,2.6,3.5,3.1,2.9,2.5
Venezuela,6.42375,-66.58973,-4.9,-1.3,2.6,-9.9,5.2,0.9,6.1,4.8,6.5,-13.9,6.5,9.7,6.1,0.3,-2.3,4,-0.2,6.4,0.3,-6,3.7,3.4,-8.9,-7.8,18.3,10.3,9.9,8.8,5.3,-3.2,-1.5,4.2,5.6,1.3,-3.9,-6.2,-17,-15.7,-19.7,-27.7,-30,1,8,4,4.5,no data,no data,no data,no data
Vietnam,14.058324,108.277199,-3.5,5.8,8.2,7.1,8.4,5.6,3.4,2.5,5.1,7.8,5,5.8,8.7,8.1,8.8,9.5,9.3,8.2,5.8,4.8,6.8,6.9,7.1,7.3,7.8,7.5,7,7.1,5.7,5.4,6.4,6.4,5.5,5.6,6.4,7,6.7,6.9,7.5,7.4,2.9,2.6,8,4.7,5.8,6.9,6.8,6.8,6.8
Palestine,31.046051,34.851612,no data,no data,no data,no data,no data,no data,no data,no data,no data,no data,no data,no data,no data,no data,no data,7.1,1.2,14.7,14.3,8.3,-8.6,-9.3,-12.5,14,21.9,11.3,-1,3.8,7.4,8.6,5.8,9.6,6.1,4.7,-0.2,3.7,8.9,1.4,1.2,1.4,-11.3,7,3.9,3,2.7,2.4,2,2,2
Yemen,15.552727,48.516388,no data,no data,no data,no data,no data,no data,no data,no data,no data,no data,no data,6.3,8.2,4,6.7,5.7,4.6,5.2,6,3.8,6.2,3.8,3.9,3.7,4,5.6,3.2,3.3,3.6,3.9,7.7,-12.7,2.4,4.8,-0.2,-28,-9.4,-5.1,0.8,2.1,-8.5,-1,1.5,-0.5,2,7,6.5,6,5.5
Zambia,-13.133897,27.849332,3.9,6.6,-2.9,-1.1,-1.7,1.2,1.7,1.5,9.3,-3.7,-0.6,-0.7,2.1,-0.1,-13.3,2.9,6.2,3.8,-0.4,4.7,3.9,5.3,4.5,6.9,7,7.2,7.9,8.4,7.8,9.2,10.3,5.6,7.6,5.1,4.7,2.9,3.8,3.5,4,1.4,-2.8,4.6,4.7,3.6,4.3,4.5,4.7,5,5.1
Zimbabwe,-19.015438,29.154857,no data,no data,no data,no data,no data,no data,no data,no data,no data,no data,no data,no data,no data,no data,no data,no data,no data,no data,no data,-1.1,-4.2,-0.5,-7.7,-16.2,-6.3,-7.4,-3.6,-3.4,-16.3,7.4,19.7,14.2,16.7,2,2.4,1.8,0.8,5.2,5,-6.3,-7.8,8.4,6.2,4.1,3.6,3.5,3.3,3.3,3
